<?xml version="1.0" encoding="UTF-8"?>

<!-- 配置文件修改时重新加载，默认true -->
<configuration scan="true">

    <!--定义日志文件的存储地址 勿在 LogBack 的配置中使用相对路径-->
    <property name="CATALINA_BASE" value="log"></property>

    <!-- 控制台输出 -->
    <appender name="CONSOLE" class="ch.qos.logback.core.ConsoleAppender">
        <encoder charset="UTF-8">
            <!-- 输出日志记录格式 -->
            <pattern>%d{yyyy-MM-dd HH:mm:ss.SSS} [%thread] %-5level %logger{36} - %msg%n</pattern>
        </encoder>
    </appender>

    <!-- 错误文件输出 -->
    <appender name="ERROR" class="ch.qos.logback.core.FileAppender">
        <file>${CATALINA_BASE}/error.log</file>
        <encoder>
            <pattern>%d{yyyy-MM-dd HH:mm:ss.SSS} [%thread] %-5level %logger{36} - %msg%n</pattern>
        </encoder>
    </appender>

    <!-- 设置日志输出级别,只输出ERROR -->
    <root level="ERROR">
        <appender-ref ref="ERROR" />
        <appender-ref ref="CONSOLE" />
    </root>
</configuration>
